Data;Etiqueta;Empresa;Viatgers;Places;Quota;Ocupacio
2023-01-01;T1 2023;Iryo;692163;1129034;11,15;61,31
2023-01-01;T1 2023;Ouigo;986461;1154921;15,89;85,41
2023-01-01;T1 2023;Renfe;4529309;5487002;72,96;82,55
2023-04-01;T2 2023;Iryo;1676509;2209472;21,33;75,88
2023-04-01;T2 2023;Ouigo;1227235;1412475;15,62;86,89
2023-04-01;T2 2023;Renfe;4955153;5738787;63,05;86,34
2023-07-01;T3 2023;Iryo;1820899;2630256;23,22;69,23
2023-07-01;T3 2023;Ouigo;1198755;1396696;15,29;85,83
2023-07-01;T3 2023;Renfe;4821353;5607331;61,49;85,98
2023-10-01;T4 2023;Iryo;1849935;2651301;23,52;69,77
2023-10-01;T4 2023;Ouigo;1130735;1287261;14,37;87,84
2023-10-01;T4 2023;Renfe;4885665;5746054;62,11;85,03
2024-01-01;T1 2024;Iryo;1807380;2490983;23,11;72,56
2024-01-01;T1 2024;Ouigo;1226165;1418401;15,68;86,45
2024-01-01;T1 2024;Renfe;4788148;5721163;61,22;83,69
2024-04-01;T2 2024;Iryo;2080117;2479685;23,11;83,89
2024-04-01;T2 2024;Ouigo;1259034;1367002;13,99;92,1
2024-04-01;T2 2024;Renfe;5661101;5963932;62,9;94,92
2024-07-01;T3 2024;Iryo;2003475;2517342;22,38;79,59
2024-07-01;T3 2024;Ouigo;1210351;1314435;13,52;92,08
2024-07-01;T3 2024;Renfe;5736292;6041246;64,09;94,95
2024-10-01;T4 2024;Iryo;1901700;2390653;22,33;79,55
2024-10-01;T4 2024;Ouigo;1182580;1368141;13,89;86,44
2024-10-01;T4 2024;Renfe;5431846;6073889;63,78;89,43
2025-01-01;T1 2025;Iryo;1827546;2371212;21,34;77,07
2025-01-01;T1 2025;Ouigo;1514021;1746475;17,68;86,69
2025-01-01;T1 2025;Renfe;5221142;6183674;60,98;84,43
2025-04-01;T2 2025;Iryo;2082282;2470981;21,16;84,27
2025-04-01;T2 2025;Ouigo;1748743;1899245;17,77;92,08
2025-04-01;T2 2025;Renfe;6009109;6424024;61,07;93,54
2025-07-01;T3 2025;Iryo;2035069;2489059;21,38;81,76
2025-07-01;T3 2025;Ouigo;1751360;1844822;18,4;94,93
2025-07-01;T3 2025;Renfe;5731086;6142574;60,22;93,3
2025-10-01;T4 2025;Iryo;1764177;2397079;20,06;73,6
2025-10-01;T4 2025;Ouigo;1864566;2089466;21,2;89,24
2025-10-01;T4 2025;Renfe;5166821;6029876;58,74;85,69
2026-01-01;T1 2026;Iryo;1219121;2020529;18,35;60,34
2026-01-01;T1 2026;Ouigo;1262430;1478485;19,0;85,39
2026-01-01;T1 2026;Renfe;4162961;4952878;62,65;84,05
2026-04-01;T2 2026;Iryo;1677425;2182157;19,31;76,87
2026-04-01;T2 2026;Ouigo;1600797;1621484;18,43;98,72
2026-04-01;T2 2026;Renfe;5407327;5671164;62,26;95,35
